eventx,eventy,eventtime
2672129.71364366,244902.042991992,2007-01-01 05:21:00.000
2702763.36697817,251091.9100158,2007-01-03 12:11:00.000
2677346.78623766,225962.05531848,2007-01-03 19:47:00.000
2707120.84480722,250355.400989686,2007-01-03 19:57:00.000
2673063.62131701,226725.740825168,2007-01-04 00:18:00.000
2696613.94496855,254193.916150114,2007-01-04 00:24:00.000
2673978.64880021,230732.554739463,2007-01-10 18:51:00.000
2675779.88716506,235490.081161959,2007-01-10 20:26:00.000
2712632.87151702,265606.981417702,2007-01-11 12:30:00.000
2675711.15558396,238555.945311176,2007-01-11 22:47:00.000
2695235.76514848,268653.939480357,2007-01-12 22:12:00.000
2700971.51177214,260432.150032676,2007-01-13 06:17:00.000
2687436.05980748,250874.068339288,2007-01-13 10:03:00.000
2695951.86462436,268364.386254694,2007-01-13 15:19:00.000
2674883.53197921,225176.153548567,2007-01-13 17:57:00.000
2674047.61148235,223477.951954793,2007-01-14 00:03:00.000
2695887.466645,235813.561125828,2007-01-14 01:49:00.000
2722021.15249186,266625.266665896,2007-01-14 01:54:00.000
2688223.93372221,245615.657642049,2007-01-14 17:16:00.000
2702710.24914028,253800.134268281,2007-01-22 23:24:00.000
2675967.41607421,238446.308115542,2007-01-25 00:31:00.000
2706049.7203788,253346.710375087,2007-01-31 14:29:00.000
2683543.08798098,272078.011713426,2007-02-02 03:42:00.000
2703868.11506954,251019.595900648,2007-02-11 20:06:00.000
2692540.0895823,212846.705037929,2007-02-12 20:29:00.000
2692540.0895823,212846.705037929,2007-02-13 03:09:00.000
2692540.0895823,212846.705037929,2007-02-13 03:09:00.000
2695780.5834813,226111.637437625,2007-02-14 07:51:00.000
2703502.19554082,251403.101900015,2007-02-15 06:48:00.000
2686614.06154193,229361.993949373,2007-02-15 16:47:00.000
2687278.60849679,244347.945144105,2007-02-17 01:55:00.000
2717075.95474355,255699.357852299,2007-02-23 18:56:00.000
2730255.13093339,277043.533571922,2007-02-23 23:29:00.000
2708660.08006034,265841.988384095,2007-02-24 01:59:00.000
2700390.90204875,261578.535290807,2007-02-24 21:04:00.000
2716465.11091105,260673.518986511,2007-02-25 19:02:00.000
2692816.83882895,252321.354318354,2007-02-26 14:52:00.000
2698720.12360399,262914.65778087,2007-02-26 18:57:00.000
2688175.73211103,226867.741104508,2007-03-05 16:19:00.000
2690647.34316785,226530.225582856,2007-03-06 15:29:00.000
2687391.43615262,270136.715968898,2007-03-06 21:54:00.000
2693561.18920869,277583.035332002,2007-03-08 06:41:00.000
2703271.57004836,249686.569864911,2007-03-08 10:26:00.000
2675644.9569923,233168.022282692,2007-03-09 15:18:00.000
2696547.42443834,224512.495158131,2007-03-15 20:49:00.000
2679852.77344062,258878.015522874,2007-03-16 11:02:00.000
2692859.30083691,263485.889653047,2007-03-17 22:37:00.000
2693087.42909123,236563.784924624,2007-03-19 01:48:00.000
2705889.37555071,253919.41135835,2007-03-20 15:01:00.000
2698496.58708928,262945.242850813,2007-03-20 18:43:00.000
2703908.37895948,251340.14273609,2007-03-20 21:18:00.000
2694469.94953847,243118.077792958,2007-03-21 05:04:00.000
2694005.09685101,273626.127877389,2007-03-26 13:17:00.000
2696126.79931014,231019.262066066,2007-03-26 20:50:00.000
2696886.98285454,273978.846322381,2007-03-27 10:41:00.000
2714475.82343125,260194.106215857,2007-03-29 01:19:00.000
2693352.08094717,273309.723032543,2007-03-29 21:25:00.000
2694914.35519748,224442.709503523,2007-03-30 02:44:00.000
2696356.70047592,277290.300540793,2007-04-04 23:05:00.000
2687476.70407167,247908.516721224,2007-04-06 00:30:00.000
2672491.25838814,236498.761295659,2007-04-06 22:59:00.000
2671517.98291434,239025.182827842,2007-04-08 00:13:00.000
2689110.77568254,266972.654391758,2007-04-08 02:13:00.000
2672065.57989884,245239.283739804,2007-04-15 15:41:00.000
2726669.79074138,267673.047593512,2007-04-16 10:01:00.000
2676263.97622989,243879.80788588,2007-04-16 13:28:00.000
2682210.24318691,235405.656096135,2007-04-16 16:29:00.000
2697957.47443263,234414.963378221,2007-04-17 18:47:00.000
2693631.00708029,236868.139619325,2007-04-18 09:55:00.000
2681956.43833848,243201.904604048,2007-04-25 12:49:00.000
2677726.27126678,241436.950567236,2007-04-25 23:42:00.000
2695304.13591354,225135.966583871,2007-04-26 06:13:00.000
2695304.13591354,225135.966583871,2007-04-26 09:45:00.000
2700185.36108715,252768.966802563,2007-04-28 00:27:00.000
2696013.07545041,226996.221632684,2007-04-28 06:53:00.000
2689777.03363802,228926.528826807,2007-04-28 16:45:00.000
2692157.52877455,242953.950986216,2007-04-28 16:45:00.000
2696026.27280321,272470.34720876,2007-04-29 01:27:00.000
2690367.69049056,229937.824108941,2007-05-01 00:26:00.000
2688509.19037894,284187.043425241,2007-05-01 17:10:00.000
2731802.43047553,296958.329957978,2007-05-03 11:30:00.000
2675986.81969413,243848.796443225,2007-05-09 21:24:00.000
2693983.52589053,279286.586897685,2007-05-10 12:59:00.000
2676261.78982482,238408.057502449,2007-05-10 15:51:00.000
2675709.89329125,228216.681204102,2007-05-11 11:45:00.000
2720070.75009611,263844.298352693,2007-05-11 19:16:00.000
2673014.01002994,235490.673853184,2007-05-11 22:05:00.000
2672841.14249333,234182.983620872,2007-05-11 23:36:00.000
2722311.35918806,258872.509607593,2007-05-18 00:12:00.000
2681326.1010272,243348.076628153,2007-05-18 00:43:00.000
2695408.74363847,226164.661973449,2007-05-18 01:27:00.000
2696957.54017696,230502.006294546,2007-05-19 01:05:00.000
2696957.54017696,230502.006294546,2007-05-19 01:49:00.000
2715314.94829346,260957.403360575,2007-05-19 18:53:00.000
2692080.8344791,228156.652787991,2007-05-19 23:57:00.000
2689643.92847637,251981.10148498,2007-05-20 06:23:00.000
2694739.90116148,249745.7893845,2007-05-20 11:08:00.000
2694454.08221074,249790.771966359,2007-05-20 14:16:00.000
2690777.85931853,263510.973200838,2007-05-22 20:50:00.000
2736358.10287786,275273.955329037,2007-05-28 13:59:00.000
2690276.34419062,251235.891047125,2007-05-30 00:04:00.000
2677569.78210184,265988.658500475,2007-05-30 12:27:00.000
2696684.31447279,231802.019512705,2007-06-01 02:23:00.000
2693949.52651555,249397.933252739,2007-06-01 04:22:00.000
2713365.32073461,267428.537081179,2007-06-06 22:39:00.000
2717219.65563897,260196.047212733,2007-06-07 03:28:00.000
2672207.10837194,235595.771826098,2007-06-07 10:49:00.000
2722353.4337,262386.776890112,2007-06-08 09:11:00.000
2701004.58334014,242362.916562609,2007-06-09 15:52:00.000
2673176.03836337,231162.519536454,2007-06-09 16:20:00.000
2699707.00615175,255332.0570515,2007-06-09 16:33:00.000
2693256.14728287,248813.118480926,2007-06-10 00:47:00.000
2699570.45629778,248294.925737804,2007-06-10 02:11:00.000
2696212.28095554,226674.287014643,2007-06-16 01:25:00.000
2692777.93104231,254581.00301505,2007-06-16 22:29:00.000
2686509.20018868,251991.621644606,2007-06-18 00:21:00.000
2677726.96332265,236631.978534505,2007-06-18 06:01:00.000
2697002.92841483,251145.693829252,2007-06-19 11:36:00.000
2674334.18137666,223834.853222763,2007-06-25 01:03:00.000
2706907.88545806,269116.098000485,2007-06-25 18:31:00.000
2705347.64460459,269371.941386831,2007-06-26 18:07:00.000
2672866.15602092,241770.95253638,2007-06-28 07:10:00.000
2703346.80856004,262275.487780126,2007-06-28 09:07:00.000
2699192.50605235,255054.690414724,2007-06-28 11:19:00.000
2694092.3505438,272902.829723066,2007-07-04 14:59:00.000
0,0,2007-07-05 00:25:00.000
2692173.1813837,270014.095369296,2007-07-05 15:32:00.000
2692692.93816689,245155.946638583,2007-07-05 22:27:00.000
2695854.55716876,278998.813251126,2007-07-06 20:43:00.000
2703252.2681096,253726.875490968,2007-07-07 19:09:00.000
2686550.1638339,228895.459260446,2007-07-08 18:17:00.000
2694819.76441652,249179.72921746,2007-07-09 01:01:00.000
2712405.97478915,252077.229739297,2007-07-09 08:22:00.000
2676827.68180773,234779.297346779,2007-07-10 20:35:00.000
2726993.05865276,267896.762116473,2007-07-11 00:54:00.000
2700139.42636203,263284.765291231,2007-07-11 18:09:00.000
2671527.92157018,237014.828932853,2007-07-12 19:59:00.000
2695406.68147965,271700.712078856,2007-07-13 01:16:00.000
2726537.53193422,263737.608705202,2007-07-13 02:21:00.000
2693056.07911699,277808.866536136,2007-07-20 01:34:00.000
2719686.1578336,268570.070552739,2007-07-20 06:08:00.000
2672174.73578843,238091.46506021,2007-07-21 12:04:00.000
2696648.28229515,256305.849252963,2007-07-21 21:46:00.000
2675908.89407111,225870.841234376,2007-07-22 00:35:00.000
2673938.07746312,248040.536175107,2007-07-22 00:51:00.000
2675908.89407111,225870.841234376,2007-07-22 02:08:00.000
2675908.89407111,225870.841234376,2007-07-22 02:08:00.000
2694142.54181845,249277.877924565,2007-07-22 04:55:00.000
2688440.87346575,241476.93936292,2007-07-22 20:06:00.000
2670822.0737108,240275.043927028,2007-07-23 12:57:00.000
2700897.78959792,239457.708385308,2007-07-23 18:50:00.000
2718152.87886549,258789.228097821,2007-07-24 01:18:00.000
2699944.37291404,253007.041289302,2007-07-29 17:04:00.000
2688844.80762295,269985.656522342,2007-07-30 02:41:00.000
2699343.79679455,269086.679724398,2007-07-31 20:24:00.000
2688364.51107983,248891.736116992,2007-08-01 04:47:00.000
2693235.06789306,249584.087934476,2007-08-01 18:32:00.000
2678032.86943624,232464.09151174,2007-08-01 21:48:00.000
2697293.34506064,263668.708727551,2007-08-03 02:17:00.000
2695977.64314154,257579.65355389,2007-08-09 01:33:00.000
2709414.08632934,269047.860662756,2007-08-09 10:14:00.000
2675092.88535097,211472.386451988,2007-08-11 11:42:00.000
2681228.9091475,223351.215996563,2007-08-12 00:34:00.000
2689720.01611357,247499.592881529,2007-08-12 03:16:00.000
2696554.03928472,243944.585552414,2007-08-18 20:34:00.000
2704394.7569515,249400.566992793,2007-08-18 21:17:00.000
2672903.01768036,238841.507995177,2007-08-20 04:17:00.000
2707579.20936479,267621.866362188,2007-08-29 07:45:00.000
2697802.75824178,269050.244205067,2007-08-29 10:28:00.000
2693609.27537,243620.65637048,2007-08-29 14:16:00.000
2688215.84755255,228369.188753635,2007-08-29 14:35:00.000
2692971.72731326,249991.851803884,2007-08-31 01:08:00.000
2683639.86052397,239819.018696301,2007-09-01 02:20:00.000
2705407.52532232,252681.613126941,2007-09-01 03:03:00.000
2687389.64396395,248468.294590552,2007-09-01 03:10:00.000
2671387.54297684,241326.266846191,2007-09-01 04:01:00.000
2703674.73402583,261654.278387901,2007-09-01 18:09:00.000
2692486.02080285,229020.010495176,2007-09-01 21:23:00.000
2686535.61309826,249148.765968432,2007-09-01 23:32:00.000
2681528.5648313,258284.436367038,2007-09-02 01:15:00.000
2707133.37686951,257164.31146458,2007-09-02 04:43:00.000
2690817.97569524,228787.048255176,2007-09-07 22:59:00.000
2693825.31729046,255036.957744374,2007-09-07 23:51:00.000
2701877.15437888,247595.182774969,2007-09-08 01:23:00.000
2715655.18002297,267028.436658527,2007-09-08 01:43:00.000
2689162.45743136,268419.080932402,2007-01-05 19:03:00.000
2692395.7833305,269125.206298026,2007-01-05 22:31:00.000
2688683.01274033,251150.668630273,2007-01-07 01:02:00.000
2713981.8436954,266541.529259319,2007-01-07 10:29:00.000
2713271.96795151,256791.052569586,2007-01-07 20:38:00.000
2690416.19382454,249785.290794011,2007-01-07 22:52:00.000
2674359.35069787,229944.002052421,2007-01-08 02:12:00.000
2699171.42298155,266244.9087218,2007-01-08 04:55:00.000
2701752.70462438,250883.761007974,2007-01-09 13:11:00.000
2670125.89197911,244900.48063038,2007-01-17 18:28:00.000
2723276.69373433,262246.966977092,2007-01-20 00:34:00.000
2715934.30997097,254649.920856454,2007-01-26 06:07:00.000
2706266.99315559,266414.173733544,2007-01-26 15:08:00.000
2678740.50895564,227811.955566011,2007-01-27 11:05:00.000
2720945.7390176,279129.640968971,2007-01-28 02:07:00.000
2706120.00577443,263498.578214854,2007-01-28 03:08:00.000
2692358.67127936,279924.176326229,2007-01-29 23:06:00.000
2695697.73780804,224731.274076206,2007-01-30 00:46:00.000
2709148.0704435,255189.55884235,2007-01-30 21:55:00.000
2697508.57950828,267833.980887482,2007-02-06 05:56:00.000
2700090.21442651,262889.177823653,2007-02-08 01:14:00.000
2714049.65806094,265998.492812983,2007-02-08 18:57:00.000
2674385.3240708,247882.967348919,2007-02-09 00:26:00.000
2672578.08510488,232209.944535228,2007-02-09 07:26:00.000
2696806.51981436,236448.244847876,2007-02-10 02:06:00.000
2676265.92276128,224084.201453827,2007-02-10 18:15:00.000
2696986.2849265,261419.396168164,2007-02-17 23:55:00.000
2723743.01679783,284135.743285787,2007-02-18 03:40:00.000
2702194.77343989,251115.838839107,2007-02-18 15:01:00.000
2674928.12692222,231693.370888515,2007-02-18 23:13:00.000
2716801.83217386,251692.82289626,2007-02-21 00:24:00.000
2723543.38669703,261857.644176978,2007-02-21 08:04:00.000
2676303.63678177,238758.563369491,2007-02-22 16:35:00.000
2676644.07101325,243732.754028206,2007-02-28 11:13:00.000
2686227.74179147,240857.81156097,2007-03-01 01:09:00.000
2686227.74179147,240857.81156097,2007-03-01 02:07:00.000
2693052.62429596,236186.583748311,2007-03-03 01:15:00.000
2712073.20127809,263808.710501515,2007-03-03 03:33:00.000
2693216.00258963,250618.289202619,2007-03-04 03:36:00.000
2690810.81684892,245499.315909348,2007-03-05 04:43:00.000
2681647.81652142,243141.633138623,2007-03-11 04:31:00.000
2691778.31631124,249016.170528974,2007-03-11 10:16:00.000
2697265.82458943,226972.946227572,2007-03-12 14:21:00.000
2692218.49960545,243418.608027717,2007-03-12 18:37:00.000
2693737.51756412,280228.035234961,2007-03-12 19:15:00.000
2676261.78982482,238408.057502449,2007-03-12 23:16:00.000
2691639.3713892,253026.189510799,2007-03-13 16:27:00.000
2706057.28549434,264174.688285178,2007-03-14 21:23:00.000
2708509.95045645,249022.305854021,2007-03-15 15:05:00.000
2687230.79538163,248839.376657695,2007-03-21 16:20:00.000
2668249.07702453,243891.970201822,2007-03-21 22:33:00.000
2710240.01879068,256044.437695011,2007-03-22 15:45:00.000
2704065.7158724,262459.06090533,2007-03-23 02:10:00.000
2710881.2135671,264146.562930276,2007-03-24 19:54:00.000
2675236.54858786,239959.939199681,2007-03-24 22:35:00.000
2674100.27574555,230849.610965619,2007-03-25 16:37:00.000
2690412.38505653,252490.842775303,2007-03-25 17:16:00.000
2694803.28791443,255609.245210928,2007-03-25 23:41:00.000
2697214.25214367,259411.862321204,2007-03-26 03:12:00.000
2690961.34018237,252577.266100936,2007-03-30 22:05:00.000
2678025.60161871,240284.826986553,2007-03-31 05:44:00.000
0,0,2007-03-31 17:24:00.000
2671048.8272896,239089.600816541,2007-03-31 23:08:00.000
2701459.66369847,263967.431238163,2007-04-01 00:33:00.000
2671833.10634841,223722.590977191,2007-04-01 14:49:00.000
2690266.95414221,270841.811471268,2007-04-03 10:55:00.000
2695616.92997599,253462.817085042,2007-04-12 08:25:00.000
2692317.93556543,229360.706218864,2007-04-13 17:33:00.000
2694047.83429103,255016.318933158,2007-04-14 14:24:00.000
2707054.11400828,251855.971222464,2007-04-20 21:37:00.000
2674519.35332942,234954.435308373,2007-04-21 00:23:00.000
2707733.78079235,263959.349080983,2007-04-21 05:10:00.000
2694352.91238707,235453.881763949,2007-04-21 09:30:00.000
2695670.983375,255339.840100671,2007-04-21 13:06:00.000
2695510.31719595,254201.817135889,2007-04-21 16:47:00.000
2691273.79974524,261181.70312473,2007-04-21 22:24:00.000
2679075.78274992,228039.609712751,2007-04-21 22:26:00.000
2692177.56669014,265813.622540729,2007-04-22 21:58:00.000
2703943.47457064,263011.794364152,2007-04-22 22:35:00.000
2688222.78384678,251202.850513678,2007-04-23 19:12:00.000
2701784.48982549,255388.212189484,2007-05-06 04:18:00.000
2700508.51249688,243591.389465284,2007-05-13 00:04:00.000
2689109.48667574,272962.452030907,2007-05-14 06:17:00.000
0,0,2007-05-14 08:00:00.000
2699077.53957148,246666.875605005,2007-05-15 10:14:00.000
2671101.7095627,243968.508316099,2007-05-15 23:54:00.000
2681076.38871032,242486.698289856,2007-05-17 22:43:00.000
2672378.13285917,223557.296976041,2007-05-23 12:58:00.000
2688117.18599262,228088.212771981,2007-05-25 16:19:00.000
2694139.29415289,245880.231009119,2007-06-01 23:33:00.000
2733426.42162868,271044.816940616,2007-06-03 00:34:00.000
2675051.08675307,237431.093578515,2007-06-03 01:22:00.000
2697067.32985859,262056.056867977,2007-06-04 14:52:00.000
2691478.15557606,266568.110813284,2007-06-05 02:02:00.000
2697438.54031198,264765.711468314,2007-06-05 02:06:00.000
2673446.16987286,234431.639702513,2007-06-10 22:35:00.000
2673446.16987286,234431.639702513,2007-06-11 02:34:00.000
2676737.95738426,225923.032048085,2007-06-11 13:35:00.000
2742205.876124,291773.508199457,2007-06-13 14:08:00.000
0,0,2007-06-13 23:36:00.000
2676687.16048047,239506.393945462,2007-06-20 17:10:00.000
0,0,2007-06-20 19:43:00.000
2675014.84937014,240832.914911709,2007-06-20 23:16:00.000
2698313.72022798,244749.647771628,2007-06-21 02:26:00.000
2698313.72022798,244749.647771628,2007-06-21 04:08:00.000
2698313.72022798,244749.647771628,2007-06-21 04:09:00.000
2705043.39430745,250055.336475144,2007-06-21 17:14:00.000
2705043.39430745,250055.336475144,2007-06-21 18:25:00.000
2675456.93383965,232558.650482698,2007-06-21 22:25:00.000
2683768.59536542,240693.996586931,2007-06-22 04:58:00.000
2702049.00991841,257307.716022142,2007-06-22 10:40:00.000
2680456.57931151,241029.570898169,2007-06-23 02:31:00.000
2669974.24040839,245747.614491639,2007-06-24 20:29:00.000
2727689.86640982,288533.567996398,2007-06-30 00:01:00.000
2696267.66757864,226371.774950367,2007-06-30 02:07:00.000
2687742.34124885,228300.40718757,2007-07-02 23:29:00.000
0,0,2007-07-04 00:22:00.000
2673571.20066767,244618.296707743,2007-07-04 04:35:00.000
2706915.26702297,253776.43789077,2007-07-04 10:47:00.000
2694935.88624904,229600.504246967,2007-07-14 16:05:00.000
2697980.40931416,251011.554918288,2007-07-15 01:56:00.000
2678447.18923498,231669.687742584,2007-07-17 01:36:00.000
2701207.41578093,252267.541907053,2007-07-17 09:55:00.000
2672468.1715322,235564.209362621,2007-07-17 20:28:00.000
2736554.23664894,300489.990702938,2007-07-18 23:44:00.000
2688341.85986234,229288.409622599,2007-07-19 00:32:00.000
2674307.29968952,245360.505480084,2007-07-19 08:04:00.000
0,0,2007-07-25 15:54:00.000
2691169.20375739,251952.245768286,2007-07-25 22:45:00.000
2670396.57003578,241459.287833566,2007-07-28 02:19:00.000
2692979.54966816,243162.165154252,2007-07-28 04:46:00.000
0,0,2007-07-28 09:37:00.000
2698086.24349238,255061.869544858,2007-07-28 13:43:00.000
2681245.28781775,254235.59717151,2007-07-28 15:38:00.000
2706971.24021609,261229.894673827,2007-07-28 18:52:00.000
2686170.38921122,251147.400615951,2007-07-29 04:24:00.000
2685452.64702139,259992.976868407,2007-08-03 19:10:00.000
2709695.76082581,269455.405642052,2007-08-03 23:52:00.000
2693001.35269111,232261.792168912,2007-08-05 06:09:00.000
2696573.56484832,275338.11709145,2007-08-05 11:39:00.000
2671645.22245119,233579.829411892,2007-08-07 02:12:00.000
2699432.90950293,261498.073101555,2007-08-08 07:22:00.000
2695638.21392466,237283.464645124,2007-08-14 09:14:00.000
0,0,2007-08-14 21:44:00.000
2711982.22167207,257359.245872377,2007-08-15 17:21:00.000
2689227.24547683,245467.089122352,2007-08-15 18:09:00.000
2673038.73639854,237248.690099437,2007-08-16 00:27:00.000
2675502.75004506,220892.842942644,2007-08-16 16:18:00.000
2674978.92830637,228701.389572047,2007-08-16 23:28:00.000
2706670.38115289,253111.926743044,2007-08-17 00:26:00.000
2688379.05303728,252330.124595533,2007-08-17 03:19:00.000
2695921.61704498,260624.160823956,2007-08-17 23:04:00.000
2687996.78145633,231711.707751575,2007-08-23 22:04:00.000
2694791.76755901,258847.994009162,2007-08-24 14:15:00.000
2689004.25403812,251265.985301624,2007-08-25 02:20:00.000
2696001.77724076,263091.167159094,2007-08-25 22:27:00.000
2675908.89407111,225870.841234376,2007-08-26 01:12:00.000
2737834.23646927,293721.488179773,2007-08-26 02:38:00.000
2703792.56343829,248961.608415691,2007-08-26 13:10:00.000
2696366.0724072,252405.663146359,2007-08-26 21:16:00.000
2684419.05387959,260982.977648574,2007-08-27 02:12:00.000
2735872.16969928,279148.617178848,2007-08-27 21:48:00.000
2680244.14591276,239457.328843983,2007-08-27 23:18:00.000
2694675.78189207,250656.74032842,2007-09-03 06:34:00.000
2691354.45376954,235282.734622303,2007-09-03 12:17:00.000
2711732.20410166,251627.475330013,2007-09-04 16:25:00.000
2675416.94660544,210680.396631644,2007-09-05 20:57:00.000
2693414.32651055,248780.624949928,2007-09-06 01:06:00.000
2699801.09936148,249061.105812189,2007-09-06 16:53:00.000
2729859.67132081,263622.118547445,2007-09-07 09:15:00.000
2714914.93254675,265642.840871561,2007-09-14 02:11:00.000
2708114.76632295,252945.290210245,2007-09-14 03:53:00.000
2691470.33390938,248466.724916443,2007-09-14 18:39:00.000
2726772.18864627,279535.696986051,2007-09-14 19:15:00.000
2716738.01606798,259206.005596702,2007-09-16 02:25:00.000
2702553.09213905,252644.572483616,2007-09-16 02:45:00.000
2698340.20170384,251551.283892619,2007-09-23 01:45:00.000
0,0,2007-09-23 07:32:00.000
2670469.0390864,242016.399777542,2007-09-24 18:08:00.000
2672443.74093246,236300.969100345,2007-09-25 03:50:00.000
2672355.92632634,240072.160661582,2007-09-25 13:50:00.000
2676163.42344648,240958.556300527,2007-09-25 17:45:00.000
2727171.20946729,264464.430975822,2007-09-26 10:26:00.000
2686018.53913642,229442.636671731,2007-09-26 18:15:00.000
2687071.97078435,250804.511821198,2007-10-03 22:13:00.000
2703787.27619217,250088.002959276,2007-09-09 16:40:00.000
2691508.26819644,224102.870071429,2007-09-10 14:26:00.000
2714171.86022048,272645.841299085,2007-09-11 14:58:00.000
2674280.06378674,236258.333287246,2007-09-19 16:42:00.000
2694094.88083902,250411.243946807,2007-09-20 00:10:00.000
2699530.99690762,260221.758137866,2007-09-20 09:25:00.000
2703981.18039716,251885.919841037,2007-09-22 02:04:00.000
2676891.6070452,239756.476165019,2007-09-22 02:06:00.000
2703921.09167045,251412.757689127,2007-09-22 02:47:00.000
2687764.51614304,225100.791970224,2007-09-28 03:02:00.000
2699631.71005403,239341.440863545,2007-09-28 03:32:00.000
0,0,2007-09-29 03:12:00.000
2673007.32177155,226792.159657086,2007-09-30 14:53:00.000
2699103.38569899,235401.32724736,2007-10-01 14:56:00.000
2696280.29483222,256357.8567243,2007-10-06 21:06:00.000
2701891.57560719,256224.950433804,2007-10-06 23:55:00.000
2716342.86340725,269700.176191015,2007-10-07 12:16:00.000
2682593.02405497,240906.967330176,2007-10-08 01:56:00.000
2709640.04656879,268361.5472902,2007-10-08 14:17:00.000
0,0,2007-10-16 18:39:00.000
2698044.48574714,264612.942728722,2007-10-17 15:10:00.000
2715016.42481181,258263.062106204,2007-10-17 18:11:00.000
2702524.00526915,265785.17023318,2007-10-17 23:37:00.000
2693716.42221839,261258.66905287,2007-10-18 09:38:00.000
2718534.31498523,259708.568824116,2007-10-19 15:50:00.000
2702350.49625939,251084.14498272,2007-10-25 18:54:00.000
2693936.65494433,234726.945699977,2007-10-25 21:52:00.000
2696789.26593909,276540.039975988,2007-10-26 02:52:00.000
2712433.86111808,273431.099534434,2007-10-26 03:28:00.000
2700836.14066484,253471.238229862,2007-10-27 01:14:00.000
2694099.13221134,249280.790775743,2007-10-27 12:10:00.000
2699340.45363513,258846.184259525,2007-10-28 01:03:00.000
2683791.00932627,237122.502154529,2007-10-28 02:02:00.000
2700089.54097705,264401.997499727,2007-10-28 18:38:00.000
2708012.03644416,265344.995861575,2007-10-29 01:20:00.000
2723023.49251442,270650.099036682,2007-10-30 06:21:00.000
2694644.89419812,249201.40562288,2007-10-30 15:20:00.000
2677419.21087284,230353.178474626,2007-10-30 20:05:00.000
2706553.03743127,252859.338117577,2007-11-05 11:59:00.000
2692160.2082366,250104.855596893,2007-11-06 19:23:00.000
2697439.40363531,255316.334935501,2007-11-07 03:17:00.000
2693258.11544298,247654.287606475,2007-11-07 17:43:00.000
2702777.56998849,269737.403701029,2007-11-07 22:53:00.000
2689836.05734137,227260.311123281,2007-11-08 21:33:00.000
2741733.17033542,290225.715167205,2007-11-09 20:27:00.000
2673384.67643076,226393.995568591,2007-11-10 02:51:00.000
2689074.39492466,226462.922603175,2007-11-16 23:12:00.000
2687158.70631777,272372.720815594,2007-11-17 01:50:00.000
2694005.05860869,274925.994773521,2007-11-17 20:35:00.000
2695668.11489424,251915.616132454,2007-11-18 01:57:00.000
2695668.11489424,251915.616132454,2007-11-18 03:47:00.000
2699503.85691262,234992.793239526,2007-11-18 04:12:00.000
2674759.88255013,224777.90874122,2007-11-19 19:18:00.000
2691056.09703348,238394.718302005,2007-11-28 11:24:00.000
2694048.34038487,252137.071230885,2007-11-28 16:18:00.000
2675486.90731512,229540.083483036,2007-11-29 14:05:00.000
2696628.56078644,247735.651817653,2007-11-29 17:26:00.000
2689614.46654668,228956.913196296,2007-11-30 14:48:00.000
2735743.46891554,275812.985903568,2007-12-02 12:01:00.000
2682349.01321115,239387.184182285,2007-12-03 23:45:00.000
2711258.12563571,248261.540286149,2007-12-04 17:01:00.000
2671279.10937307,216076.112121754,2007-12-05 00:46:00.000
2677952.15067962,226988.462431472,2007-12-11 13:25:00.000
2694624.52884669,244216.05257117,2007-12-13 02:49:00.000
2690850.71891566,245245.381187084,2007-12-13 17:39:00.000
0,0,2007-12-15 20:06:00.000
2677389.96224456,230642.378818181,2007-12-22 15:23:00.000
2675228.64070463,236329.102203542,2007-12-24 03:28:00.000
2682044.05861787,259584.87845128,2007-12-24 14:45:00.000
2694785.2650562,250559.706663348,2007-12-25 14:16:00.000
2672125.05778291,241572.796436829,2007-12-25 19:30:00.000
2691386.10322228,251681.177383143,2007-12-25 21:52:00.000
2692080.65009064,249556.974583821,2008-01-02 20:19:00.000
2701673.98641247,251319.195073434,2008-01-02 21:15:00.000
2712601.6885393,250410.211311391,2008-01-04 11:47:00.000
2745199.42635406,285876.224849714,2008-01-04 20:18:00.000
2690817.31692914,254850.981907228,2008-01-05 20:21:00.000
2692640.10936147,263204.594534845,2008-01-11 21:23:00.000
2690289.21345422,246594.58781341,2008-01-12 00:26:00.000
2680350.05586642,235852.796279006,2008-01-12 00:30:00.000
2700031.70339611,245050.006823554,2008-01-12 23:14:00.000
2691991.37646719,277800.78428293,2008-01-13 06:10:00.000
2690867.97717595,244249.447329628,2008-01-14 00:26:00.000
2693871.3868519,225476.792134232,2008-01-15 20:17:00.000
2700157.6850459,239283.410251665,2008-01-21 11:49:00.000
2689448.95225085,253341.272029177,2008-01-22 17:49:00.000
2724215.40862943,260938.743897475,2008-01-23 10:31:00.000
2741649.54796435,290227.224061653,2008-01-23 20:23:00.000
2714864.03211112,265850.733240789,2008-01-25 17:46:00.000
2714622.8511178,259918.053352035,2008-01-31 01:18:00.000
2677660.05948572,238416.463415118,2008-01-31 11:51:00.000
2677660.05948572,238416.463415118,2008-01-31 13:12:00.000
2714448.07805601,260637.68452296,2008-02-02 18:35:00.000
2692885.87507293,225665.378747162,2008-02-02 20:43:00.000
2683281.88821669,241841.271806886,2008-02-03 03:10:00.000
2674898.10369836,224160.767050935,2008-02-04 07:17:00.000
2723610.81949549,271426.544095851,2008-02-09 16:15:00.000
2687507.93723852,249274.024708415,2008-02-09 23:35:00.000
2703153.24753682,252956.206029733,2008-02-11 18:27:00.000
2686478.65850157,248587.752721126,2008-02-19 14:51:00.000
2682929.99304663,243629.087389543,2008-02-20 16:40:00.000
2692418.43643527,279643.473766466,2008-02-20 17:28:00.000
2715655.440962,260914.927482217,2008-02-20 19:55:00.000
2688238.81552819,228494.935961273,2008-02-20 23:53:00.000
2685164.04738779,239926.472260604,2008-02-21 01:17:00.000
2695887.466645,235813.561125828,2008-02-22 18:26:00.000
2699310.78153049,255941.81840238,2008-02-23 12:23:00.000
2681681.85507601,243153.602426085,2008-02-29 00:02:00.000
2695374.12211217,224206.101094213,2008-02-29 18:22:00.000
2695711.74641181,260037.370543149,2008-03-01 02:12:00.000
2701366.95482019,253990.154599717,2008-03-02 07:55:00.000
2690688.5982504,245521.337411063,2008-03-10 01:28:00.000
2672170.66255274,213470.696539698,2008-03-11 22:24:00.000
2674992.45079474,239438.79575984,2008-03-12 10:01:00.000
2692088.50252589,280984.492718712,2008-03-17 06:12:00.000
2674120.62732308,230200.392413761,2008-03-18 07:48:00.000
2693329.24628346,256206.216997932,2008-03-18 20:45:00.000
2688788.8713067,258570.565171643,2008-03-19 19:41:00.000
2673572.57448807,237629.419499906,2008-03-20 11:29:00.000
2694114.7493859,236048.048569097,2008-03-26 14:51:00.000
2688379.79882669,252336.078064955,2008-03-27 15:04:00.000
2679183.2301729,241282.317929322,2008-03-28 03:22:00.000
2726951.69195824,273859.710303799,2008-03-28 23:11:00.000
2695562.98642671,259334.779637667,2008-03-30 01:27:00.000
0,0,2008-04-05 09:38:00.000
2696302.81707674,252209.198479908,2008-04-06 03:53:00.000
2697407.06520934,260525.587763458,2008-04-12 04:50:00.000
2692462.88588561,269801.374933194,2008-04-12 12:44:00.000
2690178.04721181,252391.445508523,2008-04-12 18:07:00.000
2725022.54246701,275142.42329531,2008-04-13 03:08:00.000
2672399.94393057,241961.204364083,2008-04-13 03:59:00.000
2699401.15492534,244070.323870903,2008-04-13 05:18:00.000
2690393.55246079,250603.856697641,2008-04-13 17:06:00.000
2677549.18632211,246732.581054152,2008-04-15 02:15:00.000
2674401.22714234,231825.651293627,2008-04-15 22:44:00.000
2686904.09316228,229319.430969859,2008-04-16 05:15:00.000
2688424.97343505,248413.113907706,2008-10-26 02:25:00.000
2671858.67834728,220631.141154524,2008-10-26 03:25:00.000
2726713.45740624,264139.018677806,2008-10-26 10:46:00.000
2680002.32052253,242692.074644662,2008-10-26 23:10:00.000
2713497.9222186,259129.937637414,2008-10-27 03:55:00.000
2703601.82749172,260497.090734628,2008-10-27 06:10:00.000
2689054.03080253,227667.829814439,2008-10-27 08:51:00.000
2707013.43720892,256038.871862336,2008-10-28 07:21:00.000
2698131.89019841,263581.709361186,2008-10-28 17:04:00.000
2702598.56988338,263305.80554673,2008-10-28 19:48:00.000
2693329.24628346,256206.216997932,2008-10-29 14:50:00.000
2732909.93839631,266455.13485039,2008-10-31 19:18:00.000
2679709.06900048,263323.324224544,2008-11-01 18:28:00.000
2696365.56613553,229941.799577772,2008-11-02 01:04:00.000
2699028.24654284,247419.338267321,2008-11-02 01:49:00.000
2676419.79333603,243700.523446074,2008-11-02 19:24:00.000
2687914.30967194,252215.929557998,2008-11-02 21:04:00.000
2672760.43863255,217955.16537253,2008-11-02 21:42:00.000
2675899.90775534,232180.279199715,2008-11-04 01:04:00.000
2680860.54855936,241423.637520631,2008-11-05 20:21:00.000
2673476.43482149,243869.84242678,2008-11-07 23:44:00.000
2689853.68117018,271510.384278172,2008-11-08 23:04:00.000
2693492.10173251,274299.307274132,2008-11-09 14:26:00.000
2677411.22946579,226800.113097456,2008-11-10 19:06:00.000
2688114.37200523,244767.311817929,2008-11-12 16:38:00.000
2689113.64204268,246799.297925264,2008-11-13 23:59:00.000
2674418.99604997,226757.929752878,2008-11-14 23:14:00.000
2694885.95442052,278073.459517776,2008-11-15 17:33:00.000
2678760.04034155,233400.075614189,2008-11-16 02:54:00.000
2711804.96305575,257858.426979317,2008-11-16 22:35:00.000
2709166.84649505,249764.498597854,2008-11-17 22:34:00.000
2721835.71468014,274596.478606122,2008-11-20 17:54:00.000
2690549.09630676,231736.047897842,2008-11-20 22:33:00.000
2688493.71724391,249761.082939058,2008-11-21 00:01:00.000
2691296.55966023,258183.634851764,2008-11-22 01:39:00.000
2694455.96908874,249787.484092303,2008-11-22 14:15:00.000
2710433.47720301,252068.425328659,2008-11-23 03:00:00.000
2685152.36440292,256119.285234335,2008-11-24 06:01:00.000
2677056.85993637,243159.908040593,2008-11-26 12:59:00.000
2702365.05846925,259576.91453158,2008-11-26 14:21:00.000
0,0,2008-11-26 16:21:00.000
2663977.85091508,244889.379845405,2008-11-28 16:10:00.000
2696223.32646818,262598.484257883,2008-11-29 00:00:00.000
2694929.77869787,239879.62006696,2008-12-01 04:18:00.000
2702041.73307721,254009.846725851,2008-12-01 05:10:00.000
2670772.8078686,223783.931311775,2008-12-01 23:11:00.000
2690912.647992,267549.679392766,2008-12-03 11:50:00.000
2689519.73972196,225592.072977812,2008-12-05 17:32:00.000
2699548.07058112,238736.263921319,2008-12-06 03:41:00.000
2721991.08590233,272508.28553386,2007-10-04 08:09:00.000
2721707.51559101,272051.386005549,2007-10-04 15:17:00.000
2705750.12412902,252788.187270538,2007-10-05 21:48:00.000
2696330.57498398,239055.942531008,2007-10-06 02:09:00.000
2696330.57498398,239055.942531008,2007-10-06 03:33:00.000
2681228.9091475,223351.215996563,2007-10-11 21:00:00.000
2675621.39254326,229670.267507187,2007-10-12 20:27:00.000
2673934.31814143,229510.891738602,2007-10-15 20:51:00.000
2669569.72664237,235183.267707755,2007-10-21 01:26:00.000
2704697.44458628,249086.877614714,2007-10-22 14:41:00.000
2702755.87128353,260074.624303517,2007-10-24 02:09:00.000
2709155.83662536,264310.09908166,2007-10-24 21:20:00.000
2718113.1428151,260270.746968298,2007-10-24 23:09:00.000
2698595.39884102,273170.296858608,2007-10-31 10:29:00.000
2666332.63222729,242657.787591377,2007-10-31 21:16:00.000
0,0,2007-11-01 12:55:00.000
2730893.62024094,285440.628277982,2007-11-02 00:31:00.000
2689790.03006208,263061.51869547,2007-11-03 03:02:00.000
2673193.72176782,241087.646234186,2007-11-03 19:57:00.000
2694657.6441853,254549.110758326,2007-11-03 23:45:00.000
2736878.90192878,292557.909305665,2007-11-04 01:41:00.000
2684910.99560908,227757.573632305,2007-11-05 00:56:00.000
2697525.6037198,241779.000680838,2007-11-11 00:53:00.000
2683572.97126795,246131.293536215,2007-11-11 04:07:00.000
2671084.06200123,245571.056233359,2007-11-11 17:02:00.000
2706781.24179393,270785.691957669,2007-11-12 17:35:00.000
2713477.5154953,264595.987260356,2007-11-13 09:04:00.000
2697598.11497683,270605.849839582,2007-11-13 22:41:00.000
2714926.61715496,265643.581201978,2007-11-21 17:50:00.000
2676375.12546225,240854.081143647,2007-11-22 03:39:00.000
2698860.51381291,255447.512966787,2007-11-24 18:16:00.000
2717511.55853266,262784.51180129,2007-11-25 04:48:00.000
2718180.67418037,256892.932817144,2007-11-25 07:52:00.000
2692413.54867749,262899.390953625,2007-11-25 18:29:00.000
2683754.28724201,236851.333844888,2007-11-26 00:13:00.000
2684708.530893,230918.053102935,2007-11-26 07:04:00.000
2685254.85354457,234298.059372617,2007-12-06 17:58:00.000
2701745.13630014,244286.365090678,2007-12-07 09:17:00.000
2733704.33539251,267068.467683782,2007-12-07 19:40:00.000
2691243.46955889,226452.116515576,2007-12-08 01:30:00.000
2727227.25336398,293426.678730793,2007-12-08 04:01:00.000
2700004.58174492,249576.791768243,2007-12-08 23:29:00.000
2671554.81356004,244036.206143396,2007-12-10 11:32:00.000
2691434.95745125,226680.028446143,2007-12-11 07:15:00.000
2678455.45423076,251661.782394778,2007-12-16 16:34:00.000
2704440.23963388,251644.759131881,2007-12-17 09:39:00.000
2695456.40775255,257055.738183187,2007-12-19 02:14:00.000
2670927.216008,233281.399651787,2007-12-20 05:11:00.000
2675346.64091432,229962.001830903,2007-12-20 18:39:00.000
2718109.8864518,268961.631073101,2007-12-27 15:00:00.000
2713799.23919164,264847.910415349,2007-12-30 03:25:00.000
2689422.56145064,266512.961934368,2007-12-30 04:37:00.000
2672775.14807779,225634.425020751,2008-01-01 03:01:00.000
2696630.94592467,244456.090985486,2008-01-09 15:46:00.000
2673502.0030609,239211.341216246,2008-01-10 18:57:00.000
2691615.0099859,246199.281315461,2008-01-18 20:12:00.000
2684393.29672585,229661.56910838,2008-01-19 02:06:00.000
2684393.29672585,229661.56910838,2008-01-19 03:27:00.000
2680801.5847763,263484.784236893,2008-01-19 18:15:00.000
2703726.81259061,253071.625252819,2008-01-20 03:47:00.000
2690931.61713904,261439.071788351,2008-01-20 15:24:00.000
2693896.31261137,255566.360894751,2008-01-26 06:30:00.000
2683518.98457616,240449.041520014,2008-01-26 16:51:00.000
2692119.6853969,225880.514854811,2008-01-27 15:50:00.000
2711753.54629003,261165.747187914,2008-01-30 20:39:00.000
2691141.97293513,227809.466925551,2008-02-05 16:51:00.000
2693665.12529958,241886.473637638,2008-02-05 20:57:00.000
2695455.31354965,276564.694707655,2008-02-14 18:13:00.000
2674744.78085638,238599.195162701,2008-02-15 11:02:00.000
2705964.7634972,250114.808894551,2008-02-17 08:56:00.000
2692445.26129058,238397.496488367,2008-02-18 01:57:00.000
2674529.37959428,219724.244459257,2008-02-18 10:36:00.000
2706083.39929642,262252.038562738,2008-02-24 15:37:00.000
2687760.00839123,247855.882786083,2008-02-24 20:06:00.000
2718628.95490833,259403.008132424,2008-02-24 21:44:00.000
2693335.19478919,241645.678396195,2008-02-25 13:22:00.000
2692937.05707459,277899.701281213,2008-02-25 21:27:00.000
2687626.54647093,245696.229370008,2008-03-13 12:33:00.000
2700057.53191585,264406.407965945,2008-03-13 22:27:00.000
2669374.54924031,243008.036635249,2008-03-16 03:32:00.000
2706481.49063514,252346.017543088,2008-03-16 05:05:00.000
2677296.87901591,241005.971348739,2008-03-22 19:06:00.000
2677286.93935918,241004.417902743,2008-03-22 20:01:00.000
2701583.72042055,264834.008206712,2008-03-23 02:47:00.000
2696584.5491078,247399.807324398,2008-03-23 18:03:00.000
2692341.70925072,265468.162239421,2008-03-23 21:57:00.000
2693029.25964037,246002.0351383,2008-03-30 22:53:00.000
2700031.32656627,237730.23753118,2008-03-31 21:39:00.000
2705326.33779958,251247.998139613,2008-04-03 00:20:00.000
2672450.98128644,234016.105625862,2008-04-10 02:09:00.000
2701004.58334014,242362.916562609,2008-04-10 11:33:00.000
2693649.5588678,271341.357931323,2008-04-10 22:41:00.000
2709039.28312088,270772.990890583,2008-04-11 16:11:00.000
2683214.49688044,243943.622472845,2008-04-17 22:30:00.000
2717182.09605216,259886.683117063,2008-04-18 20:02:00.000
0,0,2008-04-19 02:47:00.000
2673687.61804385,241244.847667065,2008-04-19 18:12:00.000
2674664.15483344,223128.118135173,2008-04-19 23:24:00.000
2701738.6424139,265970.184314544,2008-04-20 03:00:00.000
2692249.23692,246878.201725818,2008-04-20 09:26:00.000
2690201.8312932,246612.298264623,2008-04-20 19:26:00.000
2711697.79954498,254589.838217945,2008-04-21 15:34:00.000
2709627.328156,264855.878025857,2008-04-23 23:45:00.000
2717378.58673074,264060.405787945,2008-04-24 09:30:00.000
2713662.71222148,274667.957124092,2008-04-24 16:15:00.000
2697596.02111055,265903.753756051,2008-04-27 00:18:00.000
2697324.470773,263938.015876576,2008-04-27 01:45:00.000
2695459.83115785,274779.925947929,2008-04-27 02:48:00.000
2697375.0878574,264298.783780126,2008-04-27 04:02:00.000
2680625.0669875,238091.992217425,2008-04-27 13:32:00.000
2706247.71797659,249715.920624027,2008-04-27 17:50:00.000
2705040.23349389,250396.970155353,2008-04-30 12:50:00.000
2690984.34915637,245593.276986235,2008-05-01 23:40:00.000
2711163.70969218,250421.311599884,2008-05-03 11:35:00.000
2706065.58777482,261908.524568497,2008-05-03 19:00:00.000
2688247.75020009,244617.080132212,2008-05-04 00:07:00.000
2701580.84015774,260995.693836387,2008-05-04 20:45:00.000
2700057.80710196,242565.67931164,2008-05-04 22:16:00.000
2680896.34728639,237224.835728462,2008-05-05 00:05:00.000
2670908.22554629,240924.20579229,2008-05-05 00:42:00.000
2670908.22554629,240924.20579229,2008-05-05 01:27:00.000
2673398.37649278,226373.771321786,2008-05-05 19:23:00.000
2674325.77518732,233863.696539974,2008-05-05 20:13:00.000
2688092.51892431,245635.454307984,2008-05-06 22:20:00.000
2685921.97214221,224607.631679685,2008-05-07 13:06:00.000
2703278.47011979,253940.968179242,2008-05-10 16:34:00.000
2688170.30278932,246193.174875497,2008-05-10 23:42:00.000
2693405.43031845,277033.576471605,2008-05-13 09:00:00.000
2674940.156131,224117.061276132,2008-05-14 17:58:00.000
2706543.24870163,271076.680963072,2008-05-16 12:57:00.000
2705722.24708455,250827.931048368,2008-05-19 16:24:00.000
2705722.24708455,250827.931048368,2008-05-19 22:04:00.000
2734602.29655043,288065.789835562,2008-05-22 12:01:00.000
2695000.46239015,222971.321405956,2008-05-23 22:32:00.000
2675595.79673222,241796.854695318,2008-05-24 01:49:00.000
2696366.93074189,226354.726915639,2008-05-24 02:50:00.000
2690221.16774817,228861.661896802,2008-05-24 04:25:00.000
2675636.56605187,232207.296957636,2008-05-25 03:29:00.000
2672710.76522747,249950.001790616,2008-05-28 22:01:00.000
2697646.29192693,239552.896311537,2008-05-28 23:20:00.000
2682133.96761259,240036.24542354,2008-05-30 21:52:00.000
2671334.18769259,239815.68337724,2008-05-31 14:13:00.000
2701665.25776658,248238.75909742,2008-05-31 16:24:00.000
2697651.90886676,246546.902626953,2008-06-01 00:51:00.000
2696920.14748238,230241.8719004,2008-06-01 21:19:00.000
2689790.03006208,263061.51869547,2008-06-01 21:41:00.000
2691761.57288471,253921.543923079,2008-06-02 23:10:00.000
2673779.98196555,230537.190084409,2008-06-03 10:45:00.000
2696067.27753145,258125.942966407,2008-06-03 23:34:00.000
2673975.17576728,230165.787620733,2008-06-05 03:30:00.000
2682179.55912708,240835.803820929,2008-06-05 23:04:00.000
2710158.85346077,258481.163979963,2008-06-06 04:06:00.000
2723734.20946734,279047.965911189,2008-06-06 09:17:00.000
2701052.53437145,240028.718413069,2008-06-07 00:11:00.000
2711218.1475106,272280.29199053,2008-06-09 01:31:00.000
2699934.83557112,257046.124989721,2008-06-10 16:26:00.000
2701175.6610897,249704.131606828,2008-06-10 17:22:00.000
2691059.31068437,263918.635307157,2008-06-10 20:08:00.000
2732434.44860315,297991.977026721,2008-06-13 16:30:00.000
2674614.89610676,241817.692577552,2008-06-14 01:52:00.000
2678965.19806622,228229.099746596,2008-06-14 16:05:00.000
2695229.77697842,229873.215117721,2008-06-15 01:32:00.000
2690396.25492346,250622.844057977,2008-06-15 15:19:00.000
2693014.33775947,260880.806661977,2008-06-15 19:02:00.000
2691914.95438613,229469.183293095,2008-06-16 01:30:00.000
2715215.14799462,267719.531804101,2008-06-16 04:58:00.000
2705125.91754238,252612.418402692,2008-06-16 22:22:00.000
2690249.29310393,236366.66445833,2008-06-17 01:54:00.000
2695378.77289862,271334.899930996,2008-06-17 22:16:00.000
2678598.22782272,239965.131800915,2008-06-18 08:32:00.000
2693999.50908722,223682.909726597,2008-06-19 04:21:00.000
2693205.88609112,250518.583546385,2008-06-19 21:37:00.000
2707531.85774149,250606.168970656,2008-06-20 09:19:00.000
2704465.55973288,269881.362343419,2008-06-20 11:02:00.000
2696469.75186825,227035.730871011,2008-06-21 10:28:00.000
2683368.73658344,237466.201265768,2008-06-22 01:14:00.000
2697108.83485465,254578.069369282,2008-06-22 01:43:00.000
2677032.96367253,232509.46542795,2008-06-22 02:34:00.000
2719272.11798568,274688.505902895,2008-06-22 18:29:00.000
2690814.29914101,236483.725284761,2008-06-23 11:54:00.000
2695523.75737998,250890.126449279,2008-06-23 16:50:00.000
2696695.53315686,238561.105975489,2008-06-29 02:34:00.000
2700633.00914656,256060.451983122,2008-06-29 02:47:00.000
2729800.0413451,284082.77248408,2008-06-29 10:47:00.000
2693804.9888142,250434.555438214,2008-06-29 13:12:00.000
2697019.14323917,263442.078919103,2008-12-10 03:10:00.000
2697261.36828126,263464.536815448,2008-12-11 20:17:00.000
2693782.09612657,249332.275092494,2008-12-14 00:25:00.000
2678307.57722939,231500.569311275,2008-12-14 00:58:00.000
2674316.11628855,225430.428474099,2008-12-14 02:10:00.000
2706648.00623081,261262.801696389,2008-12-14 19:57:00.000
2720661.52744126,259794.382184207,2008-12-14 23:02:00.000
2707646.7351995,254256.420076371,2008-12-16 15:22:00.000
2688532.98053392,228804.534661566,2008-12-18 01:01:00.000
2717509.18224872,260078.732317311,2008-12-18 19:34:00.000
2674606.91705887,232025.877474612,2008-12-19 18:54:00.000
2703801.82171342,261955.193221133,2008-12-23 18:34:00.000
2710452.76006707,256061.026927777,2008-12-24 21:19:00.000
2746288.25422331,288751.143622735,2008-12-25 07:17:00.000
2689790.03006208,263061.51869547,2008-12-25 23:07:00.000
2689790.03006208,263061.51869547,2008-12-25 23:08:00.000
2701248.69247584,245109.27068875,2008-12-26 19:20:00.000
2683251.59772309,230823.497508589,2008-12-27 17:55:00.000
2683251.59772309,230823.497508589,2008-12-27 18:27:00.000
2695123.78617596,276965.79728155,2008-12-27 22:28:00.000
2690097.86060439,251940.750290445,2008-12-28 16:08:00.000
2690097.86060439,251940.750290445,2008-12-28 17:45:00.000
2700400.46439602,257695.159999295,2008-12-29 20:33:00.000
2690896.26646033,254245.477958794,2008-12-31 18:50:00.000
2687077.50303296,243001.357816791,2009-01-01 05:08:00.000
2670606.11845075,243874.879792892,2009-01-01 11:57:00.000
2708434.99192238,252182.733037897,2009-01-05 07:39:00.000
2699469.44866986,253653.347899444,2009-01-06 10:23:00.000
2680632.37375396,238087.200929448,2009-01-06 17:29:00.000
0,0,2009-01-08 15:04:00.000
2697541.27178134,265495.875825453,2009-01-12 15:32:00.000
2688315.58191372,250710.811295942,2009-01-14 20:58:00.000
2694084.03664299,259955.372754405,2009-01-14 21:34:00.000
2719198.86224048,279289.785129407,2009-01-15 19:38:00.000
2691139.84593606,230123.069013424,2009-01-16 09:10:00.000
2687691.3678604,248614.057511835,2009-01-16 21:13:00.000
2703443.38435684,253731.042427256,2009-01-17 02:06:00.000
2681131.23044377,240326.781658141,2009-01-18 01:01:00.000
2711214.93194261,269949.51785012,2009-01-18 13:11:00.000
2704967.4332749,253518.612147526,2009-01-19 02:19:00.000
2690289.21345422,246594.58781341,2009-01-20 00:31:00.000
2688668.98039286,248863.062781742,2009-01-20 19:19:00.000
2690264.39638565,246385.940089702,2009-01-24 03:22:00.000
2696771.96921259,232444.806039502,2009-01-24 06:07:00.000
2727427.91327935,280373.695284168,2009-01-26 03:48:00.000
2731276.24019197,267915.568470811,2009-01-31 05:16:00.000
0,0,2009-02-01 02:38:00.000
2727162.27460798,269207.812271905,2009-02-01 20:54:00.000
2695343.06838388,261646.227901127,2009-02-02 04:26:00.000
2697387.34318513,230369.075268343,2009-02-02 14:16:00.000
2675518.58882692,230548.371787642,2009-02-02 19:49:00.000
2676645.74180752,243515.126641795,2009-02-02 20:00:00.000
2674500.47847298,230461.26503415,2009-02-08 02:56:00.000
2691240.47918617,261058.405237826,2009-02-09 00:24:00.000
2716209.57904151,279734.0034969,2009-02-09 15:06:00.000
2670554.48217056,235340.59088872,2009-02-09 19:26:00.000
2690384.7191874,227933.861682557,2009-02-13 01:16:00.000
2697859.46468594,267855.237174419,2009-02-13 20:20:00.000
2727295.75916426,280475.36232409,2009-02-13 21:39:00.000
2695505.41261262,250763.76458887,2009-02-14 14:58:00.000
2692229.89692676,268883.472600996,2009-02-18 20:36:00.000
2721499.79790522,268689.339830001,2009-02-19 14:16:00.000
2706782.83389946,252828.006369586,2009-02-19 22:36:00.000
2688943.13462584,241072.262532289,2009-02-20 19:00:00.000
2695891.20605793,224809.637567576,2009-02-21 01:04:00.000
2695933.67040233,249223.036995063,2009-02-21 10:13:00.000
2694558.39486947,258701.539029904,2009-02-21 20:44:00.000
2714490.83028458,260703.823538449,2009-02-23 09:24:00.000
2716780.47843897,263988.56631425,2009-02-23 20:02:00.000
2692119.52803168,253169.138459735,2009-02-23 21:44:00.000
2696529.53544445,243766.217529125,2009-02-23 22:51:00.000
2696529.53544445,243766.217529125,2009-02-24 01:51:00.000
2683991.2274731,239461.850590436,2009-02-24 23:24:00.000
2698732.87619893,224966.222412397,2009-02-26 03:08:00.000
2733124.07510229,302376.874501568,2009-02-26 05:44:00.000
2721502.38627292,271722.391096651,2009-02-26 10:01:00.000
2697553.2830579,252776.099920213,2009-02-26 12:06:00.000
2700443.50370414,250672.938735501,2009-02-26 21:13:00.000
2702470.37592325,267499.599332099,2009-02-27 18:24:00.000
2692367.43795966,262159.492188666,2009-02-27 19:21:00.000
2690124.16013088,248652.399081217,2009-02-28 16:58:00.000
2690291.83954628,242215.013014641,2009-03-01 20:39:00.000
2675960.80122853,230972.853044235,2009-03-03 00:33:00.000
2709637.06501858,252176.257280864,2009-03-04 15:29:00.000
2712789.73769666,273928.834370883,2009-03-04 16:07:00.000
2694719.64635993,259837.915676926,2009-03-06 01:59:00.000
2697290.21533659,245986.629855389,2009-03-06 21:39:00.000
2701559.92020673,255381.146655843,2009-03-07 17:01:00.000
2698532.66851675,273176.008725879,2009-03-07 18:31:00.000
2699423.49968572,249179.017355798,2009-03-07 18:52:00.000
2675790.36970504,236690.573253393,2009-03-08 01:07:00.000
2736183.8908542,272138.632661427,2009-03-11 22:07:00.000
2729983.27636777,266483.272421315,2009-03-11 23:57:00.000
2701877.15437888,247595.182774969,2009-03-15 00:09:00.000
2702083.43466791,246258.916624497,2009-03-15 02:01:00.000
2696857.04246832,255564.466983612,2009-03-15 02:13:00.000
2689005.5619941,247134.234510782,2009-03-15 21:29:00.000
2689726.3146086,273322.304208065,2009-03-16 23:52:00.000
2698249.8352827,264377.229268628,2009-03-17 07:43:00.000
2666326.71151803,242655.822634832,2009-03-18 12:28:00.000
2702566.84053663,253031.674637493,2009-03-19 01:09:00.000
2693055.75128444,257392.033862225,2009-03-20 17:52:00.000
2692441.11763428,235136.568482167,2009-03-22 21:32:00.000
2694768.16338115,261889.655950218,2009-03-25 20:08:00.000
2698673.04042602,235458.659846612,2009-03-26 01:16:00.000
2674436.26817526,237515.972713096,2009-03-27 10:26:00.000
2713230.00569213,267880.421217736,2009-03-27 11:19:00.000
2687537.63643473,269405.382379721,2009-03-29 21:46:00.000
2683898.32980189,241181.925710927,2009-04-02 00:31:00.000
2717374.10113484,262968.057758766,2009-04-05 01:39:00.000
2671753.38092338,235949.699066053,2009-04-06 20:53:00.000
2686690.57931724,219969.578856317,2009-04-06 21:25:00.000
2698779.94832979,253402.745681483,2009-04-09 11:46:00.000
2699918.55690757,251891.746471984,2009-04-11 22:40:00.000
2688329.85403355,227313.397463524,2009-04-11 23:24:00.000
2689854.60022293,253278.496941712,2009-04-13 01:30:00.000
2698569.96956191,263501.53717118,2009-04-14 17:52:00.000
2704772.12024449,263201.348743014,2009-04-14 23:50:00.000
2716639.69040982,261770.189730697,2009-04-16 05:28:00.000
2697009.40226714,241927.402493347,2009-04-17 16:10:00.000
2693401.46371272,277043.602480174,2009-04-17 21:10:00.000
2695085.34337551,255974.241171494,2009-04-18 21:44:00.000
2685514.02293744,229055.331111491,2009-04-19 21:39:00.000
2685514.02293744,229055.331111491,2009-04-20 00:28:00.000
2696209.34665857,278267.957333505,2009-04-21 07:36:00.000
2697520.9237904,277138.156290803,2009-04-23 21:04:00.000
2690685.08775987,252669.671755207,2009-04-24 12:26:00.000
2673212.63166661,239960.11671805,2009-04-26 02:49:00.000
2694681.70998338,244716.21276206,2009-04-26 20:24:00.000
2686817.36284958,247573.567797941,2009-04-26 23:22:00.000
2696089.93046244,254900.057784472,2009-04-28 02:42:00.000
2699047.68459817,263667.7222824,2009-04-28 13:11:00.000
2698329.04363752,246952.322421332,2009-04-28 14:42:00.000
2671377.45748226,226950.928600703,2009-04-28 20:45:00.000
2671377.35033102,226959.457731828,2009-04-28 21:48:00.000
2711025.02444992,256099.84266987,2009-04-29 00:41:00.000
2695583.20116069,264827.983433281,2009-04-30 01:57:00.000
2678285.05223345,231218.148416127,2009-04-30 23:38:00.000
2691570.04251094,227642.142035878,2009-05-01 10:48:00.000
2701267.12240035,251507.840439372,2009-05-02 00:55:00.000
2720732.42536263,257799.197394378,2009-05-04 14:46:00.000
2697075.4248255,265525.506313293,2009-05-04 16:37:00.000
2674462.62302711,229766.34359431,2009-05-05 00:38:00.000
2694124.88849871,257247.825310866,2009-05-05 20:21:00.000
2695001.23308504,235929.220674453,2009-05-06 11:30:00.000
2699432.90950293,261498.073101555,2009-05-07 02:04:00.000
2672236.84055798,220723.815144229,2009-05-08 11:48:00.000
2716140.75662393,269173.938240698,2009-05-08 21:59:00.000
0,0,2009-05-10 03:47:00.000
2677624.8373531,230397.621254387,2009-05-10 07:24:00.000
2690123.14004388,270845.307712036,2009-05-11 00:35:00.000
2731298.5697419,283045.262559764,2009-05-12 14:50:00.000
2706688.13332594,253934.571570055,2009-05-14 02:25:00.000
2713094.73561149,261236.362779437,2009-05-14 23:28:00.000
2687851.81081021,229081.681214497,2009-05-14 23:57:00.000
2679119.2229027,228518.981620071,2009-05-18 23:36:00.000
2679064.9090372,236026.586761294,2009-05-20 06:34:00.000
2743265.71065965,281227.444138154,2009-05-22 20:00:00.000
2696172.56939127,260017.985570128,2009-05-23 03:07:00.000
2692530.01810381,248924.403211356,2009-05-23 20:38:00.000
2675800.27464474,234916.38953083,2009-05-24 21:44:00.000
2711197.6086111,263615.313021793,2009-05-25 13:53:00.000
2694149.52449876,244278.360186917,2009-05-27 19:38:00.000
2672321.12335001,247409.547202754,2009-05-28 18:03:00.000
2704609.6664802,252957.356590721,2009-05-29 23:09:00.000
0,0,2009-05-31 01:18:00.000
2700897.78959792,239457.708385308,2009-05-31 03:47:00.000
2699590.50878797,246562.110986828,2009-05-31 04:15:00.000
2679324.75103521,241298.560821404,2009-06-03 20:11:00.000
2717074.46172562,269993.036959131,2009-06-04 23:22:00.000
2689285.55595305,229294.525492273,2009-06-08 22:14:00.000
2677237.95750095,229305.773714911,2009-06-09 01:11:00.000
2688845.18097678,283255.511480987,2009-06-10 21:19:00.000
2701856.63266705,260910.287722082,2009-06-11 01:00:00.000
2693720.01019077,251006.444894834,2009-06-13 19:21:00.000
2722977.29759807,276490.209656219,2009-06-14 23:47:00.000
2692883.32906507,269685.170290822,2009-06-17 10:01:00.000
2675705.17366145,214647.991095053,2009-06-19 18:13:00.000
2701103.65120146,261425.279266681,2009-06-21 01:04:00.000
2690736.94824793,254277.260496978,2009-06-21 18:20:00.000
2671917.69310467,248309.627908316,2009-06-21 19:24:00.000
2671917.69310467,248309.627908316,2009-06-21 20:14:00.000
2677096.80050637,231686.202090115,2009-06-23 15:48:00.000
2680616.27703612,242554.308281513,2009-06-24 19:35:00.000
2709831.49267434,250248.111153725,2009-06-25 09:11:00.000
2671901.04019484,223788.203833474,2009-06-25 19:03:00.000
2715251.2851915,263387.203394816,2009-06-26 01:18:00.000
2700218.34380544,241268.649206329,2009-06-27 17:44:00.000
2700218.34380544,241268.649206329,2009-06-27 20:53:00.000
2727870.64701379,266648.91555808,2009-06-29 16:09:00.000
2721852.5340025,267080.578652843,2009-06-30 18:11:00.000
2682205.6711276,252542.170935424,2009-07-01 06:15:00.000
2693712.49834976,244348.363937071,2009-07-02 20:43:00.000
2693574.51656651,236479.832067607,2009-07-03 08:28:00.000
2689685.33088565,274734.110992714,2009-07-06 22:35:00.000
2687748.04531673,247689.763126936,2009-07-10 16:01:00.000
2672418.52110752,221159.513022968,2009-07-13 20:42:00.000
2745827.22784361,290203.603441261,2009-07-14 02:20:00.000
2709926.86529541,254096.945349595,2009-07-16 01:24:00.000
2687448.67703099,273573.591330809,2009-07-18 12:49:00.000
2703787.70268245,267503.547063935,2009-07-20 22:45:00.000
2691046.48093686,228300.074446871,2009-07-21 15:27:00.000
2701492.15316078,270060.58528848,2009-07-21 21:08:00.000
2684515.79219906,243872.884300115,2009-07-22 04:43:00.000
2706907.88545806,269116.098000485,2009-07-23 20:54:00.000
2688440.87346575,241476.93936292,2009-07-25 22:45:00.000
2702632.37569791,253217.117026907,2009-07-26 02:15:00.000
2696707.99591379,250586.370178923,2009-07-26 04:09:00.000
2674619.454848,229673.918152933,2009-07-26 13:03:00.000
2713329.5958182,264692.672306259,2009-07-26 20:43:00.000
2726058.14379343,261473.92491423,2009-07-27 23:09:00.000
2726920.15216459,282344.783436052,2009-08-02 03:12:00.000
2691891.19532094,229035.894431181,2009-08-04 23:10:00.000
2677922.20904399,231899.816517857,2009-08-05 23:03:00.000
2673461.6392742,234546.644490536,2009-08-06 00:18:00.000
2693488.49244191,250483.23246184,2009-08-06 19:28:00.000
2675969.57780998,236213.141760023,2009-08-07 23:35:00.000
2685596.30781128,226309.694425369,2009-08-08 19:21:00.000
2714724.94317516,277359.702644807,2009-08-14 11:19:00.000
2673236.90685582,221811.525654141,2009-08-17 01:12:00.000
2695459.18023149,250420.910581415,2009-08-21 00:46:00.000
2687287.77041056,249042.252165413,2009-08-21 03:35:00.000
2706707.67684592,254031.517378107,2009-08-24 22:57:00.000
2669368.2003003,240596.000202174,2009-08-26 23:57:00.000
2694791.76755901,258847.994009162,2009-08-28 21:07:00.000
2705835.44077268,245287.362767759,2009-08-29 17:19:00.000
2693639.46045102,254867.281439153,2009-09-02 17:10:00.000
2672961.68016842,226628.508519964,2009-09-02 22:36:00.000
2673687.61804385,241244.847667065,2009-09-03 17:03:00.000
2674576.36926326,245206.247301016,2009-09-03 21:02:00.000
2707982.93553003,253495.285368083,2009-09-05 04:35:00.000
2697804.37534683,249586.455807729,2009-09-06 02:15:00.000
2687994.74118484,246172.642803878,2009-09-08 16:58:00.000
2673096.91338098,244676.162851323,2009-09-11 13:47:00.000
2696646.32421598,258989.018296144,2009-09-17 23:59:00.000
0,0,2009-09-18 13:04:00.000
2698737.66099869,263019.545408107,2009-09-19 23:36:00.000
2672341.14996808,234621.970044586,2009-09-20 01:53:00.000
2669820.93241007,241536.618590955,2009-09-21 10:51:00.000
2675730.29813709,223279.568549612,2009-09-21 19:00:00.000
2699439.24518077,246805.696956397,2009-09-21 19:48:00.000
2693935.4394719,250455.408822165,2009-09-22 00:54:00.000
2687742.34124885,228300.40718757,2009-09-23 21:10:00.000
2676755.7224674,231121.828752615,2009-09-23 21:32:00.000
2673866.5206997,242973.829673504,2009-09-24 14:42:00.000
2690674.99043992,277530.754160147,2009-09-25 18:10:00.000
2698770.12705938,250309.224634416,2009-09-26 22:09:00.000
2713944.74721096,264958.970227134,2009-09-27 23:07:00.000
2678358.44925278,230656.117977273,2009-09-28 10:45:00.000
2682249.22425948,243244.542731053,2009-09-29 17:32:00.000
2688769.28023923,226733.181947072,2009-10-01 19:58:00.000
2713376.70768858,256319.690078505,2009-10-04 01:58:00.000
2695508.29773621,226608.722477215,2009-10-04 04:21:00.000
2690647.81517538,245804.502704272,2009-10-04 07:01:00.000
2693237.96595654,249605.728446224,2008-06-30 13:35:00.000
2706266.99315559,266414.173733544,2008-06-30 23:25:00.000
2710226.33915666,249749.996253687,2008-07-02 10:47:00.000
2699944.37291404,253007.041289302,2008-07-02 19:30:00.000
2706715.52834982,251078.509484646,2008-07-04 11:46:00.000
2734723.19106536,276599.683484015,2008-07-08 03:02:00.000
2695758.26653543,261400.941786632,2008-07-09 06:53:00.000
2691408.6660032,220831.897320956,2008-07-10 18:11:00.000
2727227.25336398,293426.678730793,2008-07-10 23:23:00.000
2714125.43507994,267265.765278448,2008-07-11 16:22:00.000
2696182.70017176,244516.975700805,2008-07-12 00:36:00.000
2687594.45091582,244458.835396403,2008-07-12 16:58:00.000
2689794.88730709,263057.996314038,2008-07-12 21:01:00.000
2703113.45459105,261722.212113606,2008-07-15 13:37:00.000
2696703.81721663,264474.276977796,2008-07-15 16:06:00.000
2710663.85732903,264318.885934553,2008-07-16 00:57:00.000
2710523.52240735,264430.108928281,2008-07-17 04:27:00.000
2735650.61398306,271666.267753533,2008-07-18 02:27:00.000
2717203.41089315,259919.608518146,2008-07-18 12:00:00.000
2678482.09903834,238129.286970317,2008-07-18 16:32:00.000
2679840.45403937,244717.474505301,2008-07-20 02:01:00.000
2674321.72402316,226854.683198486,2008-07-21 00:35:00.000
2677325.63547762,231824.458420854,2008-07-21 22:03:00.000
2694661.24857414,240084.741738999,2008-07-22 19:15:00.000
2692698.91543016,250189.368384635,2008-07-22 19:25:00.000
2671602.21805314,221185.938966426,2008-07-24 22:56:00.000
2673820.67469057,252385.006865934,2008-07-25 11:26:00.000
2695822.37536839,251644.688341749,2008-07-25 18:07:00.000
2713477.66866896,265971.654662113,2008-07-26 02:43:00.000
2705405.97048503,264984.10477989,2008-07-26 13:11:00.000
2691960.83710348,227266.226260171,2008-07-27 01:59:00.000
2703113.45459105,261722.212113606,2008-07-27 21:11:00.000
2720956.57394596,263200.929089751,2008-07-28 21:00:00.000
2694379.79156992,218500.350329873,2008-07-28 21:04:00.000
2675633.56241883,214534.466795043,2008-07-29 20:22:00.000
2700116.48670653,261776.71419101,2008-08-03 01:51:00.000
2689605.35289246,226674.95620218,2008-08-03 22:25:00.000
2696135.02522133,255269.152100397,2008-08-04 01:08:00.000
2722569.88927708,277099.562549816,2008-08-04 21:43:00.000
2688312.36101974,245092.79273741,2008-08-05 01:28:00.000
0,0,2008-08-05 14:56:00.000
2672213.69669194,211307.786169963,2008-08-05 16:46:00.000
2698078.43876495,269315.007096084,2008-08-07 00:52:00.000
2690286.54938194,246547.657132644,2008-08-07 15:47:00.000
2678153.71183527,227533.286438905,2008-08-08 15:52:00.000
2696834.54440533,240174.865499558,2008-08-08 22:15:00.000
2672970.01065953,227121.086530889,2008-08-10 00:45:00.000
2706874.92384239,252641.528470616,2008-08-10 02:54:00.000
2697823.32799911,249877.371430726,2008-08-10 06:23:00.000
2676835.73968489,230850.54953561,2008-08-10 21:59:00.000
2699070.52970698,248047.173543006,2008-08-11 21:46:00.000
2691739.89981907,274497.809910801,2008-08-11 21:54:00.000
2688859.63536061,243880.759158628,2008-08-13 23:59:00.000
2733431.23562668,299496.402701867,2008-08-14 11:51:00.000
2694892.71378859,256264.920808478,2008-08-15 21:54:00.000
2697792.62980039,247587.62254643,2008-08-16 21:47:00.000
2715480.29860743,266053.768117821,2008-08-17 23:18:00.000
2725230.72597317,272030.52467986,2008-08-19 04:50:00.000
2689475.34190447,266457.736024043,2008-08-20 11:46:00.000
2724749.98331022,261324.7320713,2008-08-23 09:33:00.000
2717380.51744884,262282.251225891,2008-08-24 01:16:00.000
2697782.58186427,264624.022870717,2008-08-24 02:20:00.000
2700285.70883933,258214.235541836,2008-08-27 19:50:00.000
2692449.52734776,248334.842829776,2008-08-28 14:21:00.000
2685611.33969543,229809.568202093,2008-08-28 22:00:00.000
2690384.23058672,244161.333874364,2008-08-28 22:26:00.000
2686527.38194092,248911.250422414,2008-08-29 18:11:00.000
2700340.5259707,258647.820491933,2008-08-29 23:53:00.000
2670187.83259758,235389.6830786,2008-08-30 05:09:00.000
2707021.83275579,261799.387359799,2008-08-30 16:12:00.000
2673778.96920743,226329.967200905,2008-08-30 21:13:00.000
2718709.30516901,259811.042668257,2008-08-31 04:07:00.000
2705390.0913296,265540.19934603,2008-08-31 19:56:00.000
2699838.72723801,252184.709998474,2008-09-02 02:31:00.000
2699838.72723801,252184.709998474,2008-09-02 02:31:00.000
2706692.4700631,253610.652776393,2008-09-02 14:32:00.000
2723406.81801898,266367.214045758,2008-09-02 17:34:00.000
2683223.77787306,240186.4819393,2008-09-05 21:34:00.000
2690940.63430058,229618.891559408,2008-09-06 10:35:00.000
2699782.85348673,260687.078488107,2008-09-06 20:17:00.000
2691739.42561797,223102.008886941,2008-09-08 16:18:00.000
2733070.00092229,297501.854515277,2008-09-08 16:57:00.000
2700057.53191585,264406.407965945,2008-09-08 20:49:00.000
2677859.93044539,230153.4569824,2008-09-09 21:39:00.000
2684516.11572507,241243.394229852,2008-09-11 22:22:00.000
2684516.11572507,241243.394229852,2008-09-11 23:24:00.000
2694803.28791443,255609.245210928,2008-09-13 08:49:00.000
2708514.15366932,249547.035842502,2008-09-14 00:39:00.000
2692530.18227161,248903.763167599,2008-09-14 23:04:00.000
2693119.24960869,244971.960208206,2008-09-16 20:44:00.000
2706838.07575618,253590.921343584,2008-09-16 21:51:00.000
2687052.13004984,273191.393136304,2008-09-19 21:52:00.000
2726466.27414735,283391.010953845,2008-09-20 14:12:00.000
2693721.76769955,248900.618352089,2008-09-23 13:47:00.000
2670847.57632979,225167.44785814,2008-09-23 23:58:00.000
2725692.02885639,276093.006948446,2008-09-24 01:43:00.000
2693907.53302561,249087.331667794,2008-09-24 10:16:00.000
2706429.70690445,249477.291579669,2008-09-25 00:52:00.000
2699147.77375157,248585.605548634,2008-09-25 18:14:00.000
2697520.30669835,265339.488609085,2008-09-26 09:08:00.000
2677182.33282638,232665.24171499,2008-09-28 01:16:00.000
2694839.44295038,241323.754211552,2008-09-28 19:04:00.000
2709378.46911306,253539.867803985,2008-09-30 00:13:00.000
2673656.58080589,233633.652774352,2008-09-30 00:40:00.000
2672468.15727102,241332.69657356,2008-10-02 12:05:00.000
2689295.9518482,243389.100852205,2008-10-04 04:15:00.000
2696745.57777603,259748.84893369,2008-10-04 14:05:00.000
2715868.48694589,262962.89053908,2008-10-04 19:34:00.000
2673732.88779436,245264.471906913,2008-10-04 19:46:00.000
2687705.72193587,244047.291193105,2008-10-05 20:23:00.000
2702861.80448422,270301.64353398,2008-10-07 06:40:00.000
2671249.97533208,239176.429254428,2008-10-10 23:58:00.000
2697558.58278588,255081.099616143,2008-10-11 11:21:00.000
2704312.31731525,261659.177733425,2008-10-11 13:24:00.000
2693861.49044992,245504.807433297,2008-10-12 03:19:00.000
2706429.70690445,249477.291579669,2008-10-14 04:35:00.000
2716342.45239262,261957.443035177,2008-10-15 10:39:00.000
2675548.72887687,244660.555601297,2008-10-16 23:17:00.000
2692208.17901268,275653.362317983,2008-10-17 02:40:00.000
2702480.41324126,252090.388609573,2008-10-17 11:32:00.000
2682604.62069875,237276.173436002,2008-10-17 22:52:00.000
2699821.34837696,250170.639459807,2008-10-21 16:24:00.000
2673774.52606143,243505.328710541,2008-10-21 19:11:00.000
2718812.57867608,259461.263599616,2008-10-22 12:56:00.000
2673037.08047644,224195.223852949,2008-10-23 00:20:00.000
2691001.26675248,252823.521297699,2008-10-23 01:53:00.000
2702480.41324126,252090.388609573,2008-10-23 12:54:00.000
2702480.41324126,252090.388609573,2008-10-23 18:32:00.000
2698572.35156885,248837.12792324,2008-10-23 21:11:00.000
2698572.35156885,248837.12792324,2008-10-23 23:34:00.000
2702213.08437096,252312.485243393,2008-10-24 10:06:00.000
2714688.65462923,260515.051562465,2008-10-24 20:17:00.000
2705748.53044397,259604.650271933,2008-10-24 23:31:00.000
2694042.32732496,279064.628121804,2009-10-05 18:09:00.000
2740166.62763013,282091.091816826,2009-10-07 17:48:00.000
2693525.5746664,250712.861858583,2009-10-07 18:39:00.000
2693232.95106954,227290.23894325,2009-10-08 13:36:00.000
2686076.39096088,278617.151699854,2009-10-08 18:47:00.000
2687856.35121302,270153.166061153,2009-10-08 20:33:00.000
2733894.12532901,302027.356234079,2009-10-08 20:36:00.000
2689303.40384446,230903.119248096,2009-10-09 00:07:00.000
2681235.42408411,243597.0412681,2009-10-09 15:47:00.000
2698029.49207511,272412.785811532,2009-10-11 00:03:00.000
2691138.32018246,227827.96190675,2009-10-11 23:58:00.000
2690380.90058528,235406.214525201,2009-10-12 13:16:00.000
2673848.25565045,239310.435208784,2009-10-13 01:43:00.000
2721095.16850328,272007.083912919,2009-10-14 10:13:00.000
2703811.13878419,265040.387702093,2009-10-14 20:09:00.000
2688622.06069766,247946.406119238,2009-10-15 13:08:00.000
2676490.85090115,231485.777932484,2009-10-18 20:31:00.000
2676007.13615045,230043.852378481,2009-10-19 12:32:00.000
2695136.9385204,274010.684815526,2009-10-19 21:52:00.000
2699832.92974181,261581.480752524,2009-10-20 20:39:00.000
2696518.27236195,278404.593621096,2009-10-20 23:13:00.000
2705507.39788911,261752.313346843,2009-10-21 10:08:00.000
2679955.44011328,264377.937069705,2009-10-21 15:13:00.000
2692826.91952856,234663.583950419,2009-10-21 16:12:00.000
2692955.51007026,218695.588272921,2009-10-21 23:03:00.000
0,0,2009-10-22 19:29:00.000
2707110.92747603,252621.217655436,2009-10-23 00:35:00.000
2718997.28201108,274442.616066454,2009-10-24 03:51:00.000
2682182.61625053,241449.13082056,2009-10-24 13:50:00.000
2716767.81444467,275961.551081764,2009-10-26 21:23:00.000
2673359.33895359,243175.529412947,2009-10-27 19:15:00.000
2705206.81633618,253456.226787019,2009-10-31 00:52:00.000
2692944.31120819,248597.906217903,2009-11-01 17:48:00.000
2706409.97360789,263777.453978036,2009-11-01 21:43:00.000
2692254.31775227,230543.53425639,2009-11-03 11:59:00.000
2702404.00171378,251544.008527088,2009-11-03 20:57:00.000
2687595.5237056,244466.368813833,2009-11-05 03:23:00.000
2700659.65809736,271546.41357685,2009-11-05 08:43:00.000
2695202.79720125,272862.950973829,2009-11-07 01:27:00.000
2722605.50760115,264304.234266793,2009-11-07 03:29:00.000
2692695.71798596,270067.981214129,2009-11-07 12:18:00.000
2688411.22595913,268531.344526437,2009-11-08 16:21:00.000
2671731.3556111,226251.805006496,2009-11-08 19:33:00.000
2708106.0403728,259854.808864185,2009-11-09 07:22:00.000
2680281.67239458,243715.826737266,2009-11-10 01:09:00.000
2730384.28061638,289390.36762494,2009-11-10 15:02:00.000
0,0,2009-11-12 04:08:00.000
2730427.92178412,295582.284249304,2009-11-12 10:29:00.000
2692460.46673742,262095.671262998,2009-11-13 18:46:00.000
2677806.45339423,230755.317048342,2009-11-14 00:35:00.000
2729852.14129734,269797.211929971,2009-11-15 01:44:00.000
2688224.82064668,229599.820723341,2009-11-15 12:44:00.000
2674627.75292937,227460.958145866,2009-11-17 03:41:00.000
2685979.89923242,226010.995148323,2009-11-17 19:30:00.000
2681040.78710205,232464.308643813,2009-11-20 08:51:00.000
2698504.91469543,235122.454097561,2009-11-20 21:40:00.000
2691024.64669395,251964.869038814,2009-11-20 22:22:00.000
2695408.42434581,253387.232292141,2009-11-20 23:36:00.000
2691428.01659338,248708.237900389,2009-11-21 06:41:00.000
2708837.42056698,247908.618500492,2009-11-21 22:58:00.000
2693054.86021958,261446.142966405,2009-11-21 23:41:00.000
2691706.32516408,275231.537990893,2009-11-24 19:38:00.000
2672859.97285183,236641.091934773,2009-11-25 20:52:00.000
2677116.96287809,238438.401544198,2009-11-28 19:42:00.000
2671438.09174306,239042.049169535,2009-11-29 06:50:00.000
2684550.80951541,240620.992732967,2009-11-29 20:54:00.000
2689375.91182633,228983.66097335,2009-11-30 17:04:00.000
2690885.89218601,263145.831228089,2009-12-01 01:57:00.000
2705232.99600243,253453.105426904,2009-12-02 17:17:00.000
2740820.78564699,272446.572681694,2009-12-04 23:01:00.000
2694182.24948448,260663.60630536,2009-12-05 01:14:00.000
2708042.50525142,245934.100438444,2009-12-07 18:53:00.000
0,0,2009-12-09 02:32:00.000
2706440.3619773,250373.685426964,2009-12-09 02:52:00.000
2699622.24408372,246776.236215019,2009-12-09 18:06:00.000
2680743.61619257,242570.39459114,2009-12-12 02:31:00.000
2675008.95970117,232123.345187802,2009-12-12 17:57:00.000
2684484.35777169,229203.904944481,2009-12-15 16:16:00.000
2675295.41367269,210961.573416228,2009-12-17 01:08:00.000
2706032.83380896,251117.02224406,2009-12-17 21:55:00.000
2691196.26630285,268701.558117621,2009-12-18 12:19:00.000
2695769.03587564,272384.616554708,2009-12-18 23:48:00.000
2694074.28000227,266868.889590898,2009-12-19 13:52:00.000
2699639.20470916,250782.875105003,2009-12-25 03:51:00.000
2695290.55193284,222552.419991184,2009-12-27 02:34:00.000
2707128.67519961,257176.298909312,2009-12-28 01:16:00.000
2722863.66826538,259972.678796108,2009-12-28 06:17:00.000
2718709.30516901,259811.042668257,2009-12-28 22:42:00.000
2670521.59481606,223204.500991516,2009-12-29 03:07:00.000
2700096.04854794,260480.867283553,2009-12-30 19:59:00.000
2688387.00743484,249043.892088531,2009-12-31 13:40:00.000
2701743.06611342,253942.992054922,2009-12-31 18:27:00.000
